CityName intervention,Latitude intervention,Longitude intervention
Zwijndrecht (Burcht),51.2028046,4.3416362
Zutendaal (Zutendaal),50.948533,5.5905606
Zonhoven (Zonhoven),50.9902642,5.3488411
Zonhoven (Termolen),50.987031,5.4109946
Zoersel (Zoersel),51.2624772,4.6921638923036700
Zoersel (Halle),51.2418599,4.6423668
Zandhoven (Zandhoven),51.217528100000000,4.6603262824307600
Zandhoven (Pulle),51.2033571,4.7117525
Zandhoven (Pulderbos),51.2160122,4.6900839
Zandhoven (Massenhoven),51.1990199,4.6349603
Yvoir (Yvoir),50.3206651,4.8785998
Yvoir (Spontin),50.322619,5.006949
Yvoir (Godinne),50.3505281,4.875987
Yvoir (Evrehailles),50.3202787,4.9125689
Wuustwezel (Wuustwezel),51.38525,4.565174345040150
Wuustwezel (Loenhout),51.3985762,4.6432154
Wuustwezel (Gooreind),51.3561633,4.5429215
Wommelgem (Wommelgem),51.2107294,4.4869113
Woluwe-Saint-Pierre (Woluwe-Saint-Pierre),50.8404011,4.4649375
Woluwe-Saint-Lambert (Woluwe-Saint-Lambert),50.8430211,4.4299538553861900
Willebroek (Willebroek),51.06302865,4.357547354241780
Willebroek (Tisselt),51.033992,4.3598407
Willebroek (Heindonk),51.0670264,4.4066584
Willebroek (Blaasveld),51.0565194,4.3723517
Wijnegem (Wijnegem),51.2270761,4.5225318
Wezembeek-Oppem (Wezembeek-Oppem),50.8543438,4.4914899
Westerlo (Zoerle-Parwijs),51.0880889,4.8729402
Westerlo (Westerlo),51.092912300000000,4.908507555634460
Westerlo (Tongerlo),51.1130594,4.915524
Wervik (Wervik),50.7818155,3.0462815
Wemmel (Wemmel),50.9087716,4.3034586
Wellin (Wellin),50.06161765,5.10863700653009
Wellen (Wellen),50.8434422,5.342184454693900
Welkenraedt (Welkenraedt),50.6596575,5.9754899
Welkenraedt (Henri-Chapelle),50.6768387,5.9318984
Wavre (Wavre),50.72325745,4.615391448548040
Wavre (Limal),50.7033598,4.561222659457200
Wavre (Bierges),50.7111796,4.5894025
Watermael-Boitsfort (Watermael-Boitsfort),50.8085093,4.4001819
Waterloo (Waterloo),50.71469,4.3991
Wasseiges (Wasseiges),50.6236856,5.0009241
Wasseiges (Meeffe),50.6089827,5.0157994
Wasseiges (Ambresin),50.6266779,5.0305133
Waremme (Waremme),50.6976875,5.2546191
Waregem (Waregem),50.87629495,3.4259813211060900
Wanze (Wanze),50.5368559,5.2143865
Wanze (Bas-Oha),50.522397,5.1880583
Wanze (Antheit),50.5512026,5.2358517
Walhain (Nil-Saint-Vincent-Saint-Martin),50.6407147,4.6743285
Walcourt (Yves-Gomezee),50.2392649,4.4947935
Walcourt (Walcourt),50.2592973,4.4361958
Walcourt (Tarcienne),50.3119341,4.4983015
Walcourt (Laneffe),50.2778386,4.4950207
Walcourt (Gourdinne),50.2898969,4.4565023
Walcourt (Clermont),50.2598853,4.3173399
Waimes (Waimes),50.4149134,6.1117543
Waimes (Robertville),50.4550294,6.1224661
Waimes (Faymonville),50.4051299,6.1398291
Vresse-sur-Semois (Membre),49.8655398,4.9002694
Vresse-sur-Semois (Alle),49.8233619,4.967153765687320
Vosselaar (Vosselaar),51.3129153,4.8878026
Vorselaar (Vorselaar),51.2023448,4.769482
Voeren (Moelingen),50.7574029,5.7163587
Voeren ('s Gravenvoeren),50.7588019,5.7619737
Vise (Vise),50.7347797,5.6936397
Vise (Cheratte),50.6840338,5.6707671
Virton (Virton),49.5605149,5.5196466
Virton (Saint-Mard),49.5605149,5.5196466
Virton (Ruette),49.5376723,5.5937884
Virton (Grandcourt),49.5260913,5.604452
Virton (Ethe),49.5818622,5.5797776
Viroinval (Nismes),50.0745275,4.5486173
Villers-le-Bouillet (Villers-le-Bouillet),50.5909199,5.2719507
Villers-le-Bouillet (Fize-Fontaine),50.5849842,5.2835083
Villers-la-Ville (Sart-Dames-Avelines),50.554168950000000,4.489554022842370
Villers-la-Ville (Marbais),50.55047955,4.5380975791465000
Vielsalm (Vielsalm),50.28430255,5.913639795585150
Vielsalm (Neuville),50.280085,5.933468
Vielsalm (Bihain),50.2442882,5.814105279917230
Verviers (Verviers),50.59324,5.867828
Verviers (Stembert),50.593109,5.8952801
Verviers (Petit-Rechain),50.6135424,5.8332027
Verviers (Lambermont),50.5873088,5.8350761
Verviers (Heusy),50.57804,5.867539
Verviers (Ensival),50.5785616,5.8479666
Verlaine (Verlaine),49.884979,5.4058602
Vaux-sur-Sure (Sibret),49.968275,5.6352461
Vaux-sur-Sure (Nives),49.9121387,5.602746
Vaux-sur-Sure (Morhet),49.9621505,5.5842091
Vaux-sur-Sure (Juseret),49.8805074,5.549439
Uccle (Uccle),50.8035441,4.3338445
Turnhout (Turnhout),51.3233812,4.948461
Tubize (Tubize),50.6917638,4.2057814
Tubize (Saintes),50.7048014,4.160875
Tubize (Clabecq),50.6896854,4.221802
Trooz (Trooz),50.5732275,5.688558
Trooz (Fraipont),50.5664059,5.7227298
Trooz (Foret),50.583997,5.7002354
Trois-Ponts (Trois-Ponts),50.3691636,5.8730278
Trois-Ponts (Basse-Bodeux),50.3579736,5.826789
Tournai (Warchin),50.6098343,3.4214298
Tournai (Vaulx),50.607444,3.430364
Tournai (Tournai),50.604441950000000,3.3962967268920400
Tournai (Templeuve),50.6449107,3.2831228
Tournai (Maulde),50.6119835,3.5570806163667200
Tournai (Kain),50.6290903,3.4211649
Tournai (Havinnes),50.62380675,3.471778286356830
Tournai (Gaurain-Ramecroix),50.59173835,3.4857090067025400
Tournai (Froyennes),50.6267498,3.3578712
Tournai (Chercq),50.5869342,3.414572398545120
Tournai (Beclers),50.6244447,3.514555389079560
Tongeren (Vreren),50.7520293,5.495696
Tongeren (Tongeren),50.7806267,5.4639172
Tongeren (Riksingen),50.8065023,5.4616724
Tongeren (Piringen),50.7873928,5.4198462
Tongeren (Lauw),50.7399124,5.4147831
Tintigny (Tintigny),49.6841915,5.515731945866000
Tinlot (Fraiture),50.4788282,5.4185755
Thuin (Thuin),50.32227915,4.295945094582590
Thuin (Leers-Et-Fosteau),50.3041589,4.244767
Thuin (Gozee),50.3331954,4.3509345
Thimister-Clermont (Clermont),50.6589677,5.883668
Theux (Theux),50.52586075,5.819902975317770
Tessenderlo (Tessenderlo),51.07068395,5.145501390342350
Tessenderlo (Hulst),51.0699054,5.1261361
Tessenderlo (Engsbergen),51.0298297,5.0444768
Tenneville (Tenneville),50.0912605,5.5240928
Tenneville (Erneuville),50.1140795,5.5512123
Tenneville (Champlon),50.1077503,5.5034047
Tellin (Grupont),50.0923432,5.2798077
Stoumont (La Gleize),50.4112109,5.8464844
Stoumont (Chevron),50.3822664,5.7314713
Stavelot (Stavelot),50.3940972,5.9305105
Stavelot (Francorchamps),50.4531568,5.952833
Stabroek (Stabroek),51.335154200000000,4.370409494988420
Stabroek (Hoevenen),51.3066168,4.4046996
Sprimont (Sprimont),50.5065636,5.646657076291910
Sprimont (Louveigne),50.524841700000000,5.717258340776210
Spa (Spa),50.48375,5.86674
Soumagne (Soumagne),50.6147718,5.739941
Soumagne (Micheroux),50.6270686,5.7216519
Soumagne (Melen),50.6460841,5.7370469
Soumagne (Evegnee-Tignee),50.6484184,5.7067138
Somme-Leuze (Noiseux),50.2982859,5.3724637
Somme-Leuze (Bonsin),50.3727638,5.3788758
Sombreffe (Tongrinne),50.5157258,4.623887
Sombreffe (Sombreffe),50.5225432,4.5991932
Soignies (Soignies),50.579203,4.0685604
Soignies (Naast),50.5536883,4.1011662
Soignies (Chaussee-Notre-Dame-Louvignies),50.5921606,3.9979808
Soignies (Casteau),50.5130195,4.0031319
Sivry-Rance (Rance),50.1430111,4.2731851
Sint-Truiden (Zepperen),50.8225873,5.2476844
Sint-Truiden (Velm),50.7790412,5.1324556
Sint-Truiden (Sint-Truiden),50.82694775,5.203424911603400
Sint-Truiden (Ordingen),50.8116187,5.2351152
Sint-Truiden (Kerkom-bij-Sint-Truiden),50.773146,5.1826769
Sint-Truiden (Brustem),50.78650655,5.194625740767380
Sint-Lambrechts-Woluwe (Sint-Lambrechts-Woluwe),50.8430211,4.4299538553861900
Sint-Katelijne-Waver (Sint-Katelijne-Waver),51.06232435,4.511427814014690
Sint-Katelijne-Waver (Onze-Lieve-Vrouw-Waver),51.0624896,4.5798347
Sint-Gillis (Sint-Gillis),51.22658725,4.116511507881390
Sint-Agatha-Berchem (Sint-Agatha-Berchem),50.8727611,4.2901415
Silly (Silly),50.6484543,3.9235921
Silly (Graty),50.6311726,3.9967288
Silly (Bassilly),50.6724203,3.9360497
Seraing (Seraing),50.6087602,5.5127221
Seraing (Ougree),50.591146,5.5439611
Seraing (Jemeppe-sur-Meuse),50.6180868,5.4997184
Seraing (Boncelles),50.5702815,5.5378515
Seneffe (Seneffe),50.52518215,4.266840992576520
Schoten (Schoten),51.2516344,4.4980446
Schilde (Schilde),51.257095,4.595518213176630
Schilde ('s-Gravenwezel),51.2624856,4.5556038
Schelle (Schelle),51.125525,4.3402494
Schaerbeek (Schaerbeek),50.8779204,4.3780787
Sankt Vith (Sankt Vith),50.27840055,6.120715743751200
Sankt Vith (Recht),50.3349273,6.0431296
Sankt Vith (Crombach),50.2591318,6.0680547
Sambreville (Velaine-sur-Sambre),50.4713313,4.60725
Sambreville (Tamines),50.4311411,4.6132813
Sambreville (Moignelee),50.4378354,4.5885625
Sambreville (Auvelais),50.4470193,4.6354624
Sainte-Ode (Lavacherie),50.052317,5.5136455
Sainte-Ode (Amberloup),50.0292955,5.5272931
Saint-Nicolas (Tilleur),50.6206584,5.5306658
Saint-Nicolas (Saint-Nicolas),51.1646685,4.1395124
Saint-Nicolas (Montegnee),50.6423367,5.5186082
Saint-Josse-ten-Noode (Saint-Josse-ten-Noode),50.8506559,4.369567317092340
Saint-Hubert (Saint-Hubert),50.052288950000000,5.379174944851520
Saint-Hubert (Arville),50.0323986,5.3166577
Saint-Gilles (Saint-Gilles),50.8301436,4.3402184
Saint-Ghislain (Tertre),50.4674469,3.8118448
Saint-Ghislain (Sirault),50.5054072,3.7882895
Saint-Ghislain (Saint-Ghislain),50.4428284,3.8191781
Saint-Ghislain (Hautrage),50.4820227,3.7638298
Saint-Ghislain (Baudour),50.4843055,3.8344295
Saint-Georges-sur-Meuse (Saint-Georges-sur-Meuse),50.600390250000000,5.357094150036640
Rumst (Rumst),51.0857933,4.439241814094730
Rumst (Reet),51.1017566,4.4129446
Rumes (Taintignies),50.549906,3.3410768
Rouvroy (Rouvroy),50.4022343,2.9063491
Rochefort (Wavreille),50.1209121,5.2510385
Rochefort (Rochefort),50.1631,5.2216
Rochefort (Jemelle),50.1599751,5.2671586
Rochefort (Han-sur-Lesse),50.1254505,5.1877385
Rochefort (Buissonville),50.2172183,5.1958839
Rixensart (Rosieres),50.7343111,4.5528471
Rixensart (Rixensart),50.713354800000000,4.5272896887008000
Rixensart (Genval),50.7220137,4.5029938
Rijkevorsel (Rijkevorsel),51.3503707,4.758514
Riemst (Zichen-Zussen-Bolder),50.7946558,5.6196314
Riemst (Riemst),50.808829700000000,5.599182231259300
Riemst (Millen),50.7844721,5.560302
Riemst (Kanne),50.8141622,5.6692203
Riemst (Herderen),50.8070274,5.5742306
Retie (Retie),51.2953469,5.1152666
Remicourt (Remicourt),50.6787498,5.3207531
Remicourt (Pousset),50.6956401,5.3034495
Remicourt (Hodeige),50.6960127,5.3426579
Rebecq (Rebecq-Rognon),50.6631188,4.1327786
Rebecq (Bierghes),50.6955911,4.1172805
Ravels (Weelde),51.4071394,4.9905925
Ravels (Poppel),51.4476125,5.0427588
Ravels (Eel),51.390294,5.016702492951950
Ranst (Ranst),51.1962373,4.563813424474650
Ranst (Oelegem),51.2110687,4.5972162
Ranst (Emblem),51.1625761,4.6047327
Ranst (Broechem),51.1813951,4.5967162
Ramillies (Ramillies-Offus),50.6685332,4.9104334998164
Ramillies (Mont-Saint-Andre),50.6550272,4.8635811
Ramillies (Huppaye),50.690113600000000,4.8876737473757200
Ramillies (Gerompont),50.6438419,4.8720703
Ramillies (Bomal),50.67429825,4.869281819752330
Raeren (Hauset),50.7080172,6.0708402
Raeren (Eynatten),50.6935863,6.081697
Quevy (Quevy-le-Petit),50.367996,3.93752
Quevy (Blaregnies),50.357777,3.8980429
Quevy (Aulnois),50.3413891,3.9092414
Quaregnon (Wasmuel),50.445727,3.8466719
Quaregnon (Quaregnon),50.43541615,3.8646286492359200
Puurs-Sint-Amands (Sint-Amands),51.04638405,4.2109783976113200
Puurs-Sint-Amands (Ruisbroek),51.0881287,4.3306925
Puurs-Sint-Amands (Puurs),51.0762086,4.2817075
Puurs-Sint-Amands (Oppuurs),51.0663067,4.2444735
Puurs-Sint-Amands (Lippelo),51.0430989,4.2615
Puurs-Sint-Amands (Liezele),51.0595696,4.280892
Puurs-Sint-Amands (Breendonk),51.0424768,4.3244863
Putte (Putte),51.052396350000000,4.6294842544772900
Putte (Beerzel),51.0586177,4.6698925
Profondeville (Riviere),50.3580729,4.8724268
Profondeville (Profondeville),50.3785881,4.857920572933460
Profondeville (Lustin),50.3791991,4.8963534
Profondeville (Lesve),50.3739895,4.7747618790898100
Profondeville (Bois-de-Villers),50.387049400000000,4.824042080425680
Pont-a-Celles (Thimeon),50.4903468,4.4281269
Pont-a-Celles (Luttre),50.5092533,4.3927418
PlombiËres (Moresnet),50.7208739,5.9880362
Plombieres (Montzen),50.7075554,5.961962
Plombieres (Hombourg),50.723275,5.9206098
Plombieres (Gemmenich),50.746439,5.9968212
Philippeville (Villers-le-Gambon),50.1904615,4.6084845
Philippeville (Villers-en-Fagne),50.1457902,4.5846227
Philippeville (Philippeville),50.196268,4.5436078
Philippeville (Neuville),50.1744765,4.5205828
Perwez (Perwez),50.6182288,4.813579295096570
Peruwelz (Wiers),50.5084748,3.5344465
Peruwelz (Roucourt),50.5307949,3.5891065
Peruwelz (Peruwelz),50.5079857,3.5908805
Pepinster (Wegnez),50.5681605,5.8063587
Pepinster (Pepinster),50.5681605,5.8063587
Pepinster (Cornesse),50.5746824,5.7910525
Pelt (Overpelt),51.2113458,5.422976
Pelt (Neerpelt),51.22923665,5.442758968143490
Peer (Wijchmaal),51.1362086,5.414883
Peer (Peer),51.10874,5.449157219006140
Peer (Kleine-Brogel),51.1725458,5.4520263
Peer (Grote-Brogel),51.1556381,5.5081262
Pecq (Pecq),50.687742400000000,3.3273680891650200
Pecq (Herinnes-lez-Pecq),50.7008798,3.3623581
Paliseul (Paliseul),49.8994777,5.136954418182900
Paliseul (Framont),49.9185629,5.1601932
Paliseul (Carlsbourg),49.8947611,5.0830529
Oupeye (Vivegnis),50.697932,5.6527071
Oupeye (Oupeye),50.7091889,5.6450671
Oupeye (Houtain-Saint-Simeon),50.7392521,5.6103624
Oupeye (Heure-le-Romain),50.7316969,5.6295554
Oupeye (Hermee),50.7087526,5.6186068
Oupeye (Hermalle-sous-Argenteau),50.7106536,5.6806787
Oupeye (Haccourt),50.7339784,5.6667674
Ouffet (Warzee),50.4487876,5.427096
Ouffet (Ouffet),50.4377341,5.4653273
Oudsbergen (Wijshagen),51.1067164,5.5578764
Oudsbergen (Opglabbeek),51.0429949,5.581962
Oudsbergen (Meeuwen),51.0979038,5.5193526
Oudsbergen (Louwel),51.0513592,5.6086571
Oudsbergen (Gruitrode),51.0893459,5.588948
Oud-Turnhout (Oud-Turnhout),51.2954694,5.0401533
Ottignies-Louvain-la-Neuve (Ottignies),50.666357,4.5690502
Ottignies-Louvain-la-Neuve (Louvain-la-Neuve),50.6741689,4.613790587187650
Ottignies-Louvain-la-Neuve (Ceroux-Mousty),50.6607536,4.5343881
Orp-Jauche (Jauche),50.6816078,4.9552091
Oreye (Oreye),50.7291681,5.3530675
Oreye (Lens-sur-Geer),50.7214501,5.3537922
Onhaye (Weillen),50.2599138,4.8226877
Onhaye (Sommiere),50.2745902,4.850511
Onhaye (Gerin),50.2452911,4.8158102
Onhaye (Falaen),50.2782156,4.793357
Onhaye (Anthee),50.2395304,4.7604034
Olen (Olen),51.174068,4.9021179
Ohey (Ohey),50.4359066,5.1238439
Nivelles (Thines),50.586787350000000,4.382595409373120
Nivelles (Nivelles),50.5976885,4.3235854
Nijlen (Nijlen),51.1611887,4.670951731704950
Nijlen (Kessel),51.1383696,4.6282198
Nieuwerkerken (Nieuwerkerken),50.87441565,5.190960177508570
Niel (Niel),51.11096,4.33428
Neupre (Rotheux-Rimiere),50.5353385,5.4811796
Neupre (Plainevaux),50.544806,5.5215313
Neupre (Neuville-en-Condroz),50.5520337,5.4514318
Neufchateau (Longlier),49.8562222,5.4609005
Neufchateau (Hamipre),49.82689835,5.481073472243540
Neufchateau (Grandvoir),49.8576034,5.3717959
Nassogne (Forrieres),50.130221,5.278354484104760
Nandrin (Villers-le-Temple),50.5081117,5.370841
Nandrin (Saint-Severin),50.5299089,5.4118271
Nandrin (Nandrin),50.5063353,5.4193353
Nandrin (Fraineux),50.5139012,5.4006283
Namur (Wepion),50.4212957,4.8633768
Namur (Vedrin),50.5019599,4.8742389
Namur (Saint-Servais),50.4778694,4.8452444
Namur (Namur),50.4665284,4.8661892
Namur (Jambes),50.4589561,4.8723252
Namur (Flawinne),50.456602,4.8120768
Namur (Erpent),50.4473127,4.900545
Namur (Dave),50.4154514,4.8966651
Namur (Champion),50.4963866,4.9012179
Namur (Bouge),50.4765668,4.8847574
Namur (Belgrade),50.471128,4.8266205
Musson (Signeulx),49.5528606,5.6403955
Mouscron (Mouscron);Moeskroen (Moeskroen),50.7400821,3.2274737
Mouscron (Mouscron),50.74285785,3.209623115782630
Mouscron (Luingne),50.7390485,3.2336989
Mouscron (Herseaux),50.722638,3.2340757
Mouscron (Dottignies),50.7273981,3.3037301
Mortsel (Mortsel),51.1829808,4.4486143
Morlanwelz (Morlanwelz-Mariemont),50.454852900000000,4.236307930510740
Morlanwelz (Mont-Sainte-Aldegonde),50.43256915,4.228320594106470
Morlanwelz (Carnieres),50.44181915,4.256500312802450
Montigny-le-Tilleul (Montigny-le-Tilleul),50.3827864,4.3819022
Mont-Saint-Guibert (Mont-Saint-Guibert),50.64169405,4.607457679450760
Mont-de-l'Enclus (Orroir),50.747596,3.481663
Mont-de-l'Enclus (Amougies),50.743719,3.5066795
Mons (Villers-Saint-Ghislain),50.4312421,4.0389071
Mons (Saint-Denis),50.4920472,4.0181787
Mons (Nimy),50.4759358,3.9545894
Mons (Mons),50.445820850000000,3.977683401229720
Mons (Jemappes),50.448422,3.8894392
Mons (Hyon),50.4392359,3.9619447
Mons (Havre),50.4643472,4.0454003
Mons (Harmignies),50.4076446,4.0177899
Mons (Ghlin),50.4760502,3.903746
Mons (Flenu),50.4367571,3.8878381
Mons (Cuesmes),50.4368874,3.9249729
Momignies (Momignies),50.0286317,4.1649981
Momignies (Macquenoise),49.9755399,4.1802891
Molenbeek-Saint-Jean (Molenbeek-Saint-Jean),50.8551679,4.338660799077270
Mol (Mol),51.1905976,5.1145128
Moeskroen (Moeskroen),50.7400821,3.2274737
Moeskroen (Luingne),50.7390485,3.2336989
Mettet (Stave),50.2828212,4.6590441
Mettet (Saint-Gerard),50.3463414,4.7395306
Mettet (Mettet),50.3212094,4.6584949
Messancy (Wolkrange),49.6349978,5.7982447
Messancy (Messancy),49.5977611,5.81382506799906
Messancy (Hondelange),49.6313327,5.840025486424010
Merksplas (Merksplas),51.3579924,4.8627355
Merbes-le-Chateau (Merbes-le-Chateau),50.3234035,4.1644816
Merbes-le-Chateau (Labuissiere),50.3141612,4.194796
Meix-Devant-Virton (Villers-la-Loue),49.5745145,5.4812201
Meerhout (Meerhout),51.1317433,5.0772388
Meerhout (Gestel),51.112806,5.097626
Mechelen (Walem),51.0657941,4.4568748
Mechelen (Muizen),51.0108505,4.5143485
Mechelen (Mechelen),51.0281381,4.4803453
Mechelen (Leest),51.0350559,4.4150058
Mechelen (Hombeek),51.0158695,4.4398366
Mechelen (Heffen),51.0469132,4.421812
Martelange (Martelange),49.8313323,5.7376366
Marche-en-Famenne (On),50.173762350000000,5.281754154259270
Marche-en-Famenne (Marloie),50.2025003,5.3139556
Marche-en-Famenne (Marche-en-Famenne),50.2265147,5.3407365
Manhay (Malempre),50.28448495,5.713868632293180
Manage (Manage),50.5041647,4.240937304510880
Manage (La Hestre),50.4738724,4.2358174
Manage (Fayt-lez-Manage),50.4898236,4.2282511
Manage (Bois-d'Haine),50.5023427,4.2156931
Manage (Bellecourt),50.4843145,4.254013
Malmedy (Malmedy),50.429425,5.9769332
Malmedy (Beverce),50.4415348,6.0391879
Malle (Westmalle),51.2988871,4.6908984
Malle (Oostmalle),51.3021319,4.7340666
Maasmechelen (Maasmechelen),50.9530014,5.700039
Maasmechelen (Leut),50.9921542,5.7355102
Maasmechelen (Eisden),50.9863045,5.7128515
Maasmechelen (Boorsem),50.9408858,5.7147232
Maaseik (Opoeteren),51.0689429,5.6547965
Maaseik (Neeroeteren),51.0885745,5.7052955
Maaseik (Maaseik),51.0947181,5.791733
Lummen (Lummen),51.0028177,5.197722586716410
Lummen (Linkhout),50.9657859,5.1372552
Lontzen (Lontzen),50.680409,6.0072347
Lommel (Lommel),51.2116272,5.3119934
Lobbes (Sars-la-Buissiere),50.3352549,4.209803
Lint (Lint),51.1268305,4.4922187
Lincent (Racour),50.7388269,5.0290114
Limbourg (Limbourg),51.2015196,5.9046302
Limbourg (Bilstain),50.623535,5.9212234
Lille (Wechelderzande),51.2634596,4.7863029
Lille (Poederlee),51.2267185,4.8359528
Lille (Gierle),51.2675145,4.867558
Lierneux (Lierneux),50.2858086,5.7921558
Lier (Lier),51.13294605,4.571666750163340
Lier (Koningshooikt),51.0965644,4.6097183
Liege (Wandre),50.6702136,5.6598274
Liege (Rocourt),50.678042,5.547616
LiËge (LiËge),50.6450944,5.5736112
Liege (Liege),50.6450944,5.5736112
Liege (La Xhavee)|Luik (La Xhavee),50.6239898,5.5112918
LiËge (Jupille-sur-Meuse),50.6431909,5.6301266
Liege (Jupille-sur-Meuse),50.6431909,5.6301266
Liege (Grivegnee),50.6192957,5.6047622
Liege (Glain),50.648205,5.541864
Liege (Chenee),50.6111024,5.619261
Liege (Bressoux),50.6412964,5.6111443
LiËge (Angleur),50.6128439,5.5953129
Liege (Angleur),50.6128439,5.5953129
Libramont-Chevigny (Sainte-Marie-Chevigny),49.9235741,5.4578106
Libramont-Chevigny (Saint-Pierre),49.9047868,5.386433
Libramont-Chevigny (Libramont),49.92677985,5.373731978957880
Libin (Transinne),50.00957875,5.203972633713360
Libin (Libin),49.9819378,5.2808994554175800
Leuze-en-Hainaut (Leuze),50.6005326,3.6214536
Leuze-en-Hainaut (Leuze-en-Hainaut),50.6005326,3.6214536
Lessines (Ollignies),50.6874157,3.8598773
Lessines (Ogy),50.7208405,3.780225
Lessines (Lessines),50.7130521,3.836873
Lessines (Deux-Acren),50.7307336,3.8522036
Les Bons Villers (Villers-Perwin),50.5262014,4.4783773
Les Bons Villers (Mellet),50.504123,4.4762608
Les Bons Villers (Frasnes-lez-Gosselies),50.5376477,4.4501525
Leopoldsburg (Leopoldsburg),51.1220584,5.26393943423483
Leopoldsburg (Heppen),51.1088561,5.2275686
Lens (Lens),50.4291723,2.8319805
Leglise (Witry),49.8669288,5.608906489888670
Leglise (Ebly),49.8528769,5.5407851
Le Roeulx (Ville-sur-Haine),50.4767906,4.0655313
Le Roeulx (Mignault),50.5291801,4.152112
Le Roeulx (Gottignies),50.4971832,4.0621719
Lasne (Ohain),50.695114000000000,4.450553416238760
Lasne (Lasne-Chapelle-Saint-Lambert),50.6927451,4.5004885
Lasne (Couture-Saint-Germain),50.6740792,4.4785548
Lanaken (Veldwezelt),50.8656032,5.6323789
Lanaken (Rekem),50.922073,5.689395
Lanaken (Neerharen),50.907778,5.680982
Lanaken (Lanaken),50.900438,5.6499969032995300
Laakdal (Vorst),51.0804617,5.0201367
Laakdal (Veerle),51.0690138,4.986472
Laakdal (Eindhout),51.1049674,5.003113
La Roche-en-Ardenne (La Roche-en-Ardenne),50.1815604,5.5759476
La Roche-en-Ardenne (Herlinval),50.113953,5.6391086
La Louviere (Trivieres),50.4517378,4.1475857
La Louviere (Strepy-Bracquegnies),50.4749304,4.1217689
La Louviere (Saint-Vaast),50.4522661,4.1604745
La Louviere (Maurage),50.4577279,4.0979858
La Louviere (La Louviere),50.4791337,4.161348292428830
La Louviere (Houdeng-Goegnies),50.4880853,4.1574414
La Louviere (Houdeng-Aimeries),50.4827327,4.1495773
La LouviËre (Haine-Saint-Pierre),50.4547557,4.2000181
La Louviere (Haine-Saint-Pierre),50.4547557,4.2000181
La Louviere (Haine-Saint-Paul),50.454942,4.1883094
La Hulpe (La Hulpe),50.7362626,4.465922655145530
La Calamine (La Calamine),50.730998150000000,6.014683523708400
La Bruyere (Villers-lez-Heest),50.5294225,4.8453563
Kraainem (Kraainem),50.860961,4.4662618
Kortessem (Wintershoven),50.8513936,5.4187168
Kortessem (Kortessem),50.8619859,5.377029181961280
Kontich (Waarloos),51.1185757,4.469605069470790
Kontich (Kontich),51.12605575,4.441910879654990
Koksijde (Koksijde),51.109228200000000,2.6352872443548400
Koekelberg (Koekelberg),50.8669172,4.3168062
Kinrooi (Ophoven),51.1271135,5.8015396
Kinrooi (Molenbeersel),51.1693029,5.7374308
Kinrooi (Kinrooi),51.14313325,5.74147764743353
Kinrooi (Kessenich),51.1512668,5.8196246
Kelmis (Kelmis),50.730998150000000,6.014683523708400
Kasterlee (Tielen),51.2422595,4.8965455
Kasterlee (Lichtaart),51.2240538,4.9198927
Kasterlee (Kasterlee),51.248944550000000,4.989181503091070
Kapellen (Kapellen),51.3324502,4.430583785863900
Kalmthout (Kalmthout),51.3910924,4.466644
Jurbise (Erbisoeul),50.5155495,3.8961158
Juprelle (Wihogne),50.7277451,5.5064112
Juprelle (Voroux-lez-Liers),50.6876208,5.5524311
Juprelle (Slins),50.7277246,5.5652092
Juprelle (Paifve),50.7287847,5.5243908
Juprelle (Juprelle),50.7112425,5.5265882
Jodoigne (Jodoigne),50.7194744,4.878056859971150
Jodoigne (Jodoigne-Souveraine),50.708049,4.8406824
Jette (Jette),50.8809447,4.3282081
Jemeppe-sur-Sambre (Spy),50.4811696,4.7027047
Jemeppe-sur-Sambre (Moustier-sur-Sambre),50.4660542,4.6967162
Jemeppe-sur-Sambre (Mornimont),50.4555129,4.7043344
Jemeppe-sur-Sambre (Ham-sur-Sambre),50.44449,4.6734915
Jalhay (Sart-lez-Spa),50.51744,5.933482
Ixelles (Ixelles),50.8331141,4.3668279
Ittre (Ittre),50.6463367,4.261167564125540
Incourt (Pietrebais),50.734009650000000,4.773362000591820
Huy (Tihange),50.527586,5.259369
Huy (Huy),50.5180856,5.2408138
Huy (Ben-Ahin),50.5033196,5.1773498
Hulshout (Westmeerbeek),51.0603638,4.8351334
Hulshout (Hulshout),51.0749541,4.796794688834950
Houthalen-Helchteren (Houthalen),51.031137,5.3720755
Houthalen-Helchteren (Helchteren),51.0566984,5.3830618
Houffalize (Nadrin),50.1608117,5.6809237
Houffalize (Buret),50.0976057,5.8688292
Hotton (Hotton),50.262371100000000,5.453317556000000
Hoogstraten (Minderhout),51.4174934,4.7636002
Hoogstraten (Meerle),51.4743516,4.8051679
Hoogstraten (Meer),51.4471565,4.7390521
Hoogstraten (Hoogstraten),51.39573015,4.744087183464010
Honnelles (Erquennes),50.3590043,3.7933404
Hoeselt (Romershoven),50.8580527,5.4593316
Hoeselt (Hoeselt),50.85150005,5.482926793676270
Heusden-Zolder (Zolder),51.0236553,5.3135203
Heusden-Zolder (Heusden),51.038289,5.2810644
Herve (Xhendelesse),50.6037018,5.7726472
Herve (Herve),50.64083,5.79353
Herve (Battice),50.6479385,5.8196401
Herstal (Vottem),50.672893,5.5697617
Herstal (Milmort),50.6904632,5.5929155
Herstal (Liers),50.6981667,5.5690642
Herstal (Herstal),50.6607262,5.6229797
Herselt (Ramsel),51.0324718,4.8336098
Herselt (Herselt),51.05545425,4.901813504931000
Heron (Heron),50.54731,5.09774
Heron (Couthuin),50.5330937,5.1322912
Herk-de-Stad (Schulen),50.956061,5.1784982
Herk-de-Stad (Herk-de-Stad),50.922291100000000,5.188430186895340
Herk-de-Stad (Donk),50.9392312,5.135464
Herk-de-Stad (Berbroek),50.9503938,5.2087014
Herenthout (Herenthout),51.1392427,4.7543972
Herentals (Noorderwijk),51.141115,4.8402651
Herentals (Herentals),51.1855307,4.83462866367042
Herbeumont (Saint-Medard),49.8158829,5.3277128
Hensies (Thulin),50.4292832,3.7393229
Hensies (Montroeul-sur-Haine),50.4385465,3.7059141
Hemiksem (Hemiksem),51.1363324,4.3385038
Helecine (Opheylissem),50.7478898,4.978178
Helecine (Neerheylissem),50.7569316,4.9890191
Heist-op-den-Berg (Wiekevorst),51.1099023,4.7941786
Heist-op-den-Berg (Schriek),51.0249522,4.6916315
Heist-op-den-Berg (Itegem),51.1030959,4.7294471
Heist-op-den-Berg (Heist-op-den-Berg),51.06251575,4.71943107216415
Heist-op-den-Berg (Hallaar),51.0845683,4.7294097
Heist-op-den-Berg (Grootlo),51.0132215,4.7098228
Heist-op-den-Berg (Booischot),51.0524068,4.7784936
Heers (Heks),50.7687571,5.3567635
Heers (Batsheers),50.7381794,5.2807989
Hechtel-Eksel (Hechtel),51.1236746,5.3638574
Hechtel-Eksel (Eksel),51.1537977,5.3923046
Havelange (Maffe),50.3537887,5.3115516
Hastiere (Hermeton-sur-Meuse),50.1967082,4.8189189
Hastiere (Hastiere-par-Dela),50.2150767,4.8294854
Hastiere (Hastiere-Lavaux),50.2173396,4.8258835
Hastiere (Agimont),50.16421,4.7942801
Hasselt (Stokrooie),50.9662957,5.2810044
Hasselt (Stevoort),50.9159568,5.2470802
Hasselt (Sint-Lambrechts-Herk),50.9019388,5.3058995
Hasselt (Hasselt),50.9303735,5.3378043
Hannut (Villers-le-Peuplier),50.656417,5.0958682
Hannut (Thisnes),50.6655625,5.0480724
Hannut (Poucet),50.6777766,5.1124332
Hannut (Moxhe),50.629993,5.0813162
Hannut (Lens-Saint-Remy),50.6534024,5.1329047
Hannut (Hannut),50.6563032,5.0957529
Hannut (Cras-Avernas),50.6978983,5.122837
Hamont-Achel (Hamont),51.2512315,5.5454386
Hamont-Achel (Achel),51.2548442,5.4802209
Hamois (Emptinne),50.3253905,5.1212547
Hamoir (Hamoir),50.4287902,5.5339242
Hamoir (Comblain-la-Tour),50.4553077,5.5699525
Ham-sur-Heure-Nalinnes (Nalinnes),50.3240944,4.4453802
Ham-sur-Heure-Nalinnes (Marbaix),50.3268072,4.3713936
Ham-sur-Heure-Nalinnes (Jamioulx),50.3528702,4.4127635
Ham-sur-Heure-Nalinnes (Ham-sur-Heure),50.3219897,4.3889214
Ham-sur-Heure-Nalinnes (Haies),50.3430638,4.441943
Ham (Oostham),51.104087,5.1769241
Ham (Kwaadmechelen),51.1017796,5.1483601
Halen (Zelem),50.9788799,5.1026566
Halen (Halen),50.938225700000000,5.107379955413340
Habay (Rulles),49.7181041,5.558116
Habay (Orsinfaing),49.7145121,5.5212865
Habay (Habay-la-Neuve),49.730978,5.6528207
Grobbendonk (Grobbendonk),51.1882011,4.732428203997000
Grobbendonk (Bouwel),51.1695534,4.7428091
Grimbergen (Strombeek-Bever),50.9083929,4.3516713
Grez-Doiceau (Grez-Doiceau),50.728139850000000,4.6721904167440800
Grez-Doiceau (Archennes),50.7514177,4.6717371
Grace-Hollogne (Mons-Crotteux),50.6302658,5.4569319
Grace-Hollogne (Hollogne-aux-Pierres),50.6387497,5.4758701
Grace-Hollogne (Grace-Berleur),50.6439528,5.5061115
Gingelom (Montenaken),50.7217695,5.1281787
Gingelom (Jeuk),50.7344256,5.2095342
Gesves (Gesves),50.4028535,5.0776175
Gesves (Faulx-les-Tombes),50.4272928,5.0191438
Gerpinnes (Villers-Poterie),50.3513008,4.547498
Gerpinnes (Loverval),50.374997,4.47342
Gerpinnes (Gerpinnes),50.3378166,4.5276771
Gerpinnes (Acoz),50.358769,4.532218
Genk (Waterschei),50.9958545,5.5223907
Genk (Waterschei-Zwartberg),51.0056777,5.5038154
Genk (Genk),50.9669601,5.4963483
Genappe (Loupoigne),50.5976913,4.4424218
Genappe (Genappe),50.608005750000000,4.447945985174110
Genappe (Bousval),50.63205335,4.519203414163160
Gembloux (Grand-Manil),50.556923,4.683029
Gembloux (Grand-Leez),50.57820735,4.760959337847220
Gembloux (Gembloux),50.5621964,4.698693303031290
Gembloux (Ernage),50.588851400000000,4.678208559163990
Geer (Geer),50.7278011,4.2956489
Geel (Ten Aard),51.2042561,4.9793004
Geel (Geel),51.1690147,4.9895239
Gedinne (Louette-Saint-Pierre),49.960145,4.9276767
Gedinne (Gedinne),49.9842836,4.9782107
Ganshoren (Ganshoren),50.8703273,4.307798
Froidchapelle (Boussu-lez-Walcourt),50.2262753,4.3767743
Frasnes-lez-Anvaing (Hacquegnies),50.652575,3.5935914
Frasnes-lez-Anvaing (Frasnes-lez-Buissenal),50.6667214,3.6184362
Frasnes-lez-Anvaing (Dergneau),50.7125585,3.5665175
Frasnes-lez-Anvaing (Buissenal),50.6648633,3.6551307
Frasnes-lez-Anvaing (Anvaing),50.6817661,3.5617225
Frameries (La Bouverie),50.4079539,3.877562
Frameries (Frameries),50.4057544,3.9064436
Frameries (Eugies),50.3906692,3.8883703
Fosses-la-Ville (Le Roux),50.3885408,4.6237797
Fosses-la-Ville (Fosses-la-Ville),50.4021055,4.6529356
Forest (Forest),50.823,4.338
Fontaine-l'Eveque (Leernes),50.3974398,4.3307851
Fontaine-l'Eveque (Forchies-la-Marche),50.4384182,4.3196199
Fontaine-l'Eveque (Fontaine-l'Eveque),50.4124461,4.3461219
Florenville (Villers-devant-Orval),49.6185771,5.331466
Florenville (Sainte-Cecile),49.7290971,5.2435618
Florenville (Florenville),49.68690935000000,5.315873377579070
Florenville (Chassepierre),49.7076905,5.2621817
Florennes (Florennes),50.2514227,4.6030187
Floreffe (Franiere),50.4400385,4.7286241
Floreffe (Floriffoux),50.4515822,4.7694348
Floreffe (Floreffe),50.4432134,4.7623315
Floreffe (Buzet),50.4199061,4.7716734
Flobecq (Flobecq);Vloesberg (Vloesberg),50.755508200000000,3.7314432186147200
Flobecq (Flobecq),50.755508200000000,3.7314432186147200
Fleurus (Wanfercee-Baulet),50.475843350000000,4.581627405915090
Fleurus (Saint-Amand),50.511167900000000,4.531952524132230
Fleurus (Lambusart),50.453149500000000,4.557270602875540
Fleurus (Fleurus),50.47194905,4.54465453259438
Fleron (Romsee),50.6069188,5.6658323
Fleron (Retinne),50.6304629,5.6976792
Fleron (Magnee),50.6028765,5.6811009
Fleron (Fleron),50.6168354,5.6832219
Flemalle (Mons-lez-Liege),50.6224546,5.4600597
Flemalle (Ivoz-Ramet),50.5822766,5.4523491
Flemalle (Gleixhe),50.6038316,5.3930722
Flemalle (Flemalle-Haute),50.5944698,5.4564323
Flemalle (Flemalle-Grande),50.6153939,5.4730851
Ferrieres (Werbomont),50.3800099,5.686798
Ferrieres (Vieuxville),50.3955089,5.5512446
Ferrieres (Ferrieres),50.4001995,5.6063928
Fernelmont (Hingeon),50.5244901,5.008801
Farciennes (Farciennes),50.4318404,4.5465179
Faimes (Celles),50.6538779,5.2455598
Evere (Evere),50.8676818,4.4008547
Eupen (Kettenis),50.65211145,6.046611107801310
Eupen (Eupen),50.6351456,6.0387547
Etterbeek (Etterbeek),50.8361447,4.3861737
Etalle (Vance),49.6704824,5.6660138
Etalle (Sainte-Marie-sur-Semois),49.6732168,5.5644887
Etalle (Etalle),49.6729527,5.5982415
Etalle (Chantemelle),49.6535106,5.6551334
Estinnes (Rouveroy),50.3556749,4.0633802
Estinnes (Fauroeulx),50.3703355,4.1095709
Estinnes (Estinnes-au-Mont),50.3952117,4.0989347
Estaimpuis (Saint-Leger),50.7062283,3.3107546082806900
Estaimpuis (NÈchin),50.6673355,3.267496979527890
Estaimpuis (Leers-Nord),50.6875576,3.2703911
Estaimpuis (Estaimpuis),50.7038496,3.2652430753737500
Essen (Essen),51.4626799,4.45117
Esneux (Tilff),50.5695672,5.5843967
Esneux (Esneux),50.53365265,5.575554837069370
Erquelinnes (Solre-Sur-Sambre),50.3067709,4.1558267
Erquelinnes (Montignies-Saint-Christophe),50.2813197,4.187438
Erquelinnes (Hantes-Wiheries),50.3057605,4.1783639
Erquelinnes (Grand-Reng),50.3287642,4.0705909
Erquelinnes (Erquelinnes),50.3101002,4.1218718
Erezee (Mormont),50.3263332,5.5924651
ErezÈe (ErezÈe),50.2930558,5.5597642
Engis (Engis),50.5825004,5.4040189
Engis (Clermont-sous-Huy),50.5689247,5.3918483
Enghien (Petit-Enghien),50.6972783,4.0471298
Enghien (Enghien),50.69282045,4.038373024238240
Elsene (Elsene),50.8331141,4.3668279
Ellezelles (Ellezelles),50.7339831,3.6800002
Eghezee (Taviers),50.6170592,4.9318579
Eghezee (Hanret),50.5836892,4.9439377
Eghezee (Dhuy),50.5596814,4.8573789
Eghezee (Branchon),50.629707,4.9718453
EghezÈe (Aische-En-Refail),50.5992743,4.8355112
Edegem (Edegem),51.1548066,4.4458312
Ecaussinnes (Ecaussinnes-d'Enghien),50.5696827,4.1752861
Durbuy (Izier),50.38200225,5.58332947658511
Durbuy (Heyd),50.346445,5.562158
Durbuy (Durbuy),50.339041950000000,5.468102786866730
Durbuy (Bomal-sur-Ourthe),50.3761975,5.5229647
Durbuy (Barvaux-sur-Ourthe),50.350609,5.4932843
Duffel (Duffel),51.0913781,4.4928744
Dour (Wiheries),50.3855184,3.7523613
Dour (Elouges),50.4036831,3.75202
Dour (Dour),50.39583,3.77792
Dour (Blaugies),50.3727384,3.8054124
Donceel (Haneffe),50.6386942,5.3191175
Donceel (Donceel),50.6478971,5.3199408
Doische (Soulme),50.1873423,4.7367955
Doische (Romeree),50.135223,4.6748777
Doische (Matagne-la-Petite),50.1185573,4.6474115
Dison (Dison),50.6136828,5.8526459
Dison (Andrimont),50.6141395,5.8828177
Dinant (Sorinnes),50.2597292,4.98106
Dinant (Falmignoul),50.2037856,4.8924373
Dinant (Dinant),50.2591813,4.9130588
Dinant (Bouvignes-sur-Meuse),50.2612142,4.907942
Dinant (Anseremme),50.23791,4.907923
Dilsen-Stokkem (Stokkem),51.0207811,5.7442709
Dilsen-Stokkem (Rotem),51.0521425,5.7373575
Dilsen-Stokkem (Lanklaar),51.0139151,5.7204658
Dilsen-Stokkem (Elen),51.0663119,5.7577353
Dilsen-Stokkem (Dilsen),51.0354657,5.7246821
Dilsen-Stokkem (Dilsen-Stokkem),51.03358505,5.73755832456791
Diepenbeek (Diepenbeek),50.9105288,5.4203402
Dessel (Dessel),51.2390765,5.1128221
Crisnee (Crisnee),50.715885,5.397318
Couvin (Presgaux),50.0247898,4.4206168
Couvin (Frasnes),50.0796144,4.5105493
Couvin (Couvin),50.0564153,4.4919865
Court-Saint-Etienne (Court-Saint-Etienne),50.62709245,4.561753807361420
Courcelles (Trazegnies),50.4665295,4.3317415
Courcelles (Souvret),50.4510502,4.3511113
Courcelles (Gouy-lez-Pieton),50.4815517,4.3552607
Courcelles (Courcelles),50.46379,4.3747
Comines-Warneton (Warneton),50.7529932,2.9502023
Comines-Warneton (Comines);Komen-Waasten (Komen),50.7682454,2.9962083
Comines-Warneton (Comines),50.7687767,2.9988243
Comines-Warneton (Bas-Warneton),50.75915,2.9610367
Comblain-au-Pont (Poulseur),50.5098018,5.5823241
Comblain-au-Pont (Comblain-au-Pont),50.47470825,5.57220306074063
Colfontaine (Wasmes),50.4218859,3.8438003
Colfontaine (Warquignies),50.4003277,3.8222372
Colfontaine (Paturages),50.4131465,3.8637296
Clavier (Les Avins),50.4154227,5.299356
Clavier (Bois-et-Borsu),50.3946271,5.3302671
Ciney (Sovet),50.296303,5.0349178
Ciney (Ciney),50.2913832,5.091454
Ciney (Achene),50.2668644,5.0458772
Chiny (Suxy),49.7635175,5.4010492
Chiny (Izel),49.693986,5.3747807
Chiny (Chiny),49.73833,5.34104
Chimay (Villers-la-Tour),50.035369,4.26287
Chimay (Riezes),49.960822,4.368311
Chimay (Chimay),50.0479266,4.3173338
Chievres (Tongre-Notre-Dame),50.5817222,3.7745054
Chievres (Chievres),50.5879821,3.8056885
Chaumont-Gistoux (Dion-Valmont),50.7044984,4.6499745
Chaumont-Gistoux (Dion-le-Val),50.714315150000000,4.654993525589560
Chaumont-Gistoux (Corroy-le-Grand),50.67146225,4.6654985558552
Chaudfontaine (Vaux-sous-Chevremont),50.6018004,5.6339283
Chaudfontaine (Embourg),50.591638,5.6105688
Chaudfontaine (Chaudfontaine),50.5869778,5.6437285
Chaudfontaine (Beaufays),50.5590549,5.6385711
Chatelet (Chatelineau),50.4094033,4.5209408
Chatelet (Chatelet),50.4094033,4.5209408
Chatelet (Bouffioulx),50.390213,4.5151961
Charleroi (Roux),50.441818350000000,4.390705563894010
Charleroi (Ransart),50.4625014,4.4756683
Charleroi (Montignies-sur-Sambre),50.410916,4.467124816014160
Charleroi (Mont-sur-Marchienne),50.382618300000000,4.405122050128220
Charleroi (Monceau-sur-Sambre),50.4137749,4.381068593882090
Charleroi (Marcinelle),50.38246,4.4398075931402400
Charleroi (Marchienne-au-Pont),50.40897075,4.40234038367136
Charleroi (Lodelinsart),50.43156135,4.448113917560560
Charleroi (Jumet),50.4421323,4.4350275
Charleroi (Goutroux),50.41620025,4.360550595849250
Charleroi (Gosselies),50.4653846,4.4301757
Charleroi (Gilly),50.4262689,4.484719762079400
Charleroi (Dampremy),50.4176817,4.428175042784940
Charleroi (Couillet),50.3887438,4.470264826383800
Charleroi (Charleroi),50.4116233,4.444528
Chapelle-lez-Herlaimont (Godarville),50.4950092,4.290305468789730
Chapelle-lez-Herlaimont (Chapelle-lez-Herlaimont),50.47139275,4.28295556220527
Cerfontaine (Senzeille),50.1762834,4.466208
Celles (Pottes),50.7314164,3.4050325
Celles (Escanaffles),50.7546292,3.4486114
Celles (Celles),50.705818550000000,3.4575824166778500
Butgenbach (Elsenborn),50.4573116,6.2213827
Burg-Reuland (Thommen),50.2190586,6.0743425
Burg-Reuland (Burg-Reuland),50.196077350000000,6.134776672356820
Bruxelles (Laeken),50.883392,4.3487134
Bruxelles (Bruxelles),50.8465573,4.351697
Brussel (Neder-over-Heembeek),50.8925777,4.3768928
Brussel (Laken),50.883392,4.3487134
Brussel (Brussel),50.8465573,4.351697
Brunehaut (Wez-Velvain),50.5468427,3.388586
Brunehaut (Rongy),50.507796,3.391588
Brunehaut (Hollain),50.5416392,3.4269751
Brugelette (Mevergnies-lez-Lens),50.6044689,3.8507081
Brugelette (Cambron-Casteau),50.58305465,3.8874524855792500
Brugelette (Brugelette),50.6028231,3.863048249149610
Bree (Opitter),51.1171567,5.6461619
Bree (Bree),51.1386239,5.622980505851400
Brecht (Sint-Lenaarts),51.3473203,4.6787433
Brecht (Sint-Job-in-'t-Goor),51.2919982,4.5772717
Brecht (Brecht),51.334707,4.597281076316220
Brasschaat (Brasschaat),51.34214565,4.503322452681600
Braives (Ville-en-Hesbaye),50.6184127,5.1146644
Braives (Braives),50.6300711,5.1435257
Braine-le-Comte (Ronquieres),50.6084328,4.2235457
Braine-le-Comte (Hennuyeres),50.6386981,4.1715689
Braine-le-Comte (Braine-le-Comte),50.6057582,4.1382245
Braine-le-Chateau (Wauthier-Braine),50.6803187,4.2988086
Braine-le-Chateau (Braine-le-Chateau),50.68088165,4.266671041297530
Braine-l'Alleud (Ophain-Bois-Seigneur-Isaac),50.6658971,4.3480069
Braine-l'Alleud (Lillois-Witterzee),50.6460596,4.3624394
Braine-l'Alleud (Braine-l'Alleud),50.69430665,4.3547606874647
Boussu (Hornu),50.4335598,3.8275578
Boussu (Boussu),50.4274741,3.794268603515810
Bouillon (Vivy),49.863011900000000,5.056141026205200
Bouillon (Rochehaut),49.8315765,4.997192249059970
Bouillon (Noirefontaine),49.8200186,5.0917547
Bouillon (Bouillon),49.7589284,5.127521513222730
Borsbeek (Borsbeek),51.1957652,4.4802549
Bornem (Mariekerke),51.0630598,4.191058
Bornem (Hingene),51.1033431,4.2689164
Bornem (Bornem),51.09096325,4.238967723449790
Borgloon (Rijkel),50.8077026,5.2604258
Borgloon (Hoepertingen),50.81127,5.2843824
Borgloon (Borgloon),50.80033615,5.3568152017626200
Borgloon (Bommershoven),50.7868481,5.3796092
Boom (Boom),51.09242,4.3717
Bonheiden (Rijmenam),51.0010818,4.5842221
Bonheiden (Bonheiden),51.0261294,4.537821777907240
Boechout (Boechout),51.1597261,4.509867483882230
Bocholt (Kaulille),51.1901933,5.5177727
Bocholt (Bocholt),51.192481800000000,5.599558194626790
Blegny (Saive),50.6526283,5.6819662
Blegny (Blegny),50.6727185,5.7252372
Blegny (Barchon),50.6682249,5.6969236
Binche (Ressaix),50.4238135,4.1910898
Binche (Peronnes-lez-Binche),50.4359182,4.14492
Binche (Leval-Trahegnies),50.416547,4.218073
Binche (Epinois),50.4049792,4.2093685
Binche (Bray),50.4299906,4.1024947
Binche (Binche),50.4103004,4.165163
Binche (Battignies),50.4165125,4.1685575
Bilzen (Munsterbilzen),50.8883348,5.5270242
Bilzen (Kleine-Spouwen),50.8379623,5.5473835
Bilzen (Eigenbilzen),50.8743904,5.5755614
Bilzen (Bilzen),50.8835656,5.506815134627490
Bilzen (Beverst),50.90001135,5.471117749449020
Bievre (Bellefontaine),49.9177,4.973101
Beyne-Heusay (Queue-du-Bois),50.6369652,5.6788052
Beyne-Heusay (Beyne-Heusay),50.6127447,5.648169550370920
Beyne-Heusay (Bellaire),50.6447087,5.6654685
Bertrix (Bertrix),49.8455657,5.246083408959540
Bernissart (Pommeroeul),50.4611987,3.7106608
Bernissart (Harchies),50.4794445,3.6936
Bernissart (Bernissart),50.4755514,3.6504455
Berlaar (Berlaar),51.103037350000000,4.664038763459680
Beringen (Paal),51.0396274,5.1730187
Beringen (Koersel),51.06978945,5.271108346980070
Beringen (Beverlo),51.0897785,5.244609040929380
Beringen (Beringen),51.0502026,5.220809082300830
Berchem-Sainte-Agathe (Berchem-Sainte-Agathe),50.8727611,4.2901415
Beloeil (Stambruges),50.5086579,3.7192008
Beloeil (Grandglise),50.5044653,3.6967371
Beloeil (Ellignies-Sainte-Anne),50.5612993,3.6767116
Beloeil (Basecles),50.5254379,3.6483501
Beerse (Vlimmeren),51.2988018,4.7821797
Beerse (Beerse),51.313529600000000,4.83753463479851
Beauvechain (Tourinnes-la-Grosse),50.7777654,4.7472104
Beauvechain (Beauvechain),50.77997825,4.78636179225829
Beauraing (Pondrome),50.0991378,5.0083667
Beauraing (Felenne),50.0680742,4.8490158
Beauraing (Dion),50.1178162,4.8883798
Beauraing (Beauraing),50.1102739,4.9549279
Beaumont (Stree),50.275578100000000,4.276685809719680
Beaumont (Leugnies),50.2276496,4.198366748920020
Bastogne (Wardin),49.9901889,5.7857251
Bastogne (Noville),50.063699,5.749945575843330
Bastogne (Bastogne),50.0023102,5.7173386
Bassenge (Wonck),50.7677078,5.6333621
Bassenge (Glons),50.7516741,5.5435822
Bassenge (Eben-Emael),50.7931554,5.6665934
Balen (Olmen),51.1424029,5.1487716
Balen (Balen),51.1727481,5.194138939365720
Baelen (Baelen),50.6312854,5.9713469
Baarle-Hertog (Baarle-Hertog),51.442616,4.9308932
Aywaille (Sougne-Remouchamps),50.4855236,5.7152577
Aywaille (Aywaille),50.4728556,5.6728703
Awans (Villers-l'Eveque),50.703953,5.4408151
Awans (Othee),50.7159281,5.4680939
Awans (Hognoul),50.6808099,5.4556394
Awans (Awans),50.6670346,5.4622239
Auderghem (Auderghem),50.8160638,4.433978
Aubel (Aubel),50.7041498,5.8585553
Aubange (Halanzy),49.5590364,5.7422467
Aubange (Aubange),49.5634996,5.7994748
Aubange (Athus),49.5615482,5.8306932
Attert (Thiaumont),49.7159959,5.7291343
Ath (Rebaix),50.660198,3.7836911
Ath (Ormeignies),50.58658115,3.7310382948300900
Ath (Moulbaix),50.6025286,3.7093343539110900
Ath (Meslin-l'Eveque),50.6485784,3.8480962
Ath (Maffle),50.6173636,3.80036823516624
Ath (Ath),50.6311349,3.7769485
Ath (Arbre),50.61776375,3.8200282209855900
Assesse (Sart-Bernard),50.405155,4.9506941
Assesse (Maillen),50.3775518,4.9699385
As (As),51.000989700000000,5.571999856759560
Arlon (Toernich),49.6512359,5.7795299
Arlon (Heinsch),49.7007526,5.7464566
Arlon (Bonnert),49.7107729,5.8190143
Arlon (Autelbas),49.6499559,5.8675666
Arlon (Arlon),49.6834601,5.8167711
Arendonk (Arendonk),51.3202315,5.0864557
Antwerpen (Wilrijk),51.1700864,4.3942577
Antwerpen (Merksem),51.2438894,4.4397179
Antwerpen (Hoboken),51.1794946,4.3617847
Antwerpen (Ekeren),51.2781955,4.4209857
Antwerpen (Deurne),51.20849,4.4719297
Antwerpen (Borgerhout),51.2128453,4.4462406
Antwerpen (Berendrecht),51.3455396,4.319401
Antwerpen (Berchem),51.1997015,4.4323348
Antwerpen (Antwerpen),51.2211097,4.3997081
Antoing (Peronnes-lez-Antoing),50.551862,3.4538057
Antoing (Fontenoy),50.567887,3.473373
Antoing (Calonne),50.578325,3.4371661
Antoing (Antoing),50.5659549,3.4511246
Ans (Xhendremael),50.7043671,5.4805775
Ans (Loncin),50.6613584,5.5097759
Ans (Ans),50.6613584,5.5097759
Ans (Alleur),50.6742549,5.5129926
Anhee (Maredret),50.2997501,4.7524431
Anhee (Denee),50.3205919,4.7493827
Anhee (Annevoie-Rouillon),50.3416114,4.838456
Anderlues (Anderlues),50.4078243,4.2700889
Anderlecht (Anderlecht),50.8178792,4.292146
Andenne (Thon),50.4641615,5.0133577
Andenne (Seilles),50.4984249,5.0805501
Andenne (Sclayn),50.4897139,5.0284735
Andenne (Andenne),50.4968073,5.0952747
Amel (Iveldingen),50.3625794,6.1349597
Amel (Heppenbach),50.3631661,6.218691
Amel (Amel),50.35418470,6.16943550
Amay (Jehay),50.57772010000000,5.325368062213680
Amay (Ampsin),50.540238,5.286736
Amay (Amay),50.5460435,5.3207698
Alken (Alken),50.8867147,5.2925362
Aiseau-Presles (Roselies),50.4289142,4.5728849
Aiseau-Presles (Presles),50.3850088,4.5786617
Aiseau-Presles (Pont-de-Loup),50.4173702,4.5459892
Aiseau-Presles (Aiseau),50.4295042,4.584725
Aartselaar (Aartselaar),51.133297,4.3870241